{
    "ENFJ": 0.6130686499333737,
    "ENFP": 0.665136963447539,
    "ENTJ": 0.6772131245786491,
    "ENTP": 0.6882275816679835,
    "ESFJ": 0.6282749075286524,
    "ESFP": 0.6919414244617512,
    "ESTJ": 0.6591097751190782,
    "ESTP": 0.7046359809535733,
    "INFJ": 0.5648126459511499,
    "INFP": 0.5724030619458503,
    "INTJ": 0.6309893983821766,
    "INTP": 0.631635107019248,
    "ISFJ": 0.543273479318623,
    "ISFP": 0.6181355999847751,
    "ISTJ": 0.5876281889021311,
    "ISTP": 0.6602838766204889
}